Gene	Sample1	Sample2	Sample3	Sample4	Sample5	Sample6	Sample7	Sample8	Sample9	Sample10	Sample11	Sample12	Sample13	Sample14	Sample15	Sample16	Sample17	Sample18	Sample19	Sample20	Sample21	Sample22	Sample23	Sample24	Sample25	Sample26	Sample27	Sample28	Sample29	Sample30	Sample31	Sample32	Sample33	Sample34	Sample35	Sample36	Sample37	Sample38	Sample39	Sample40	Sample41	Sample42	Sample43	Sample44	Sample45	Sample46	Sample47	Sample48	Sample49	Sample50	Sample51	Sample52	Sample53	Sample54	Sample55	Sample56	Sample57	Sample58	Sample59	Sample60	Sample61	Sample62	Sample63	Sample64	Sample65	Sample66	Sample67	Sample68	Sample69	Sample70	Sample71	Sample72	Sample73	Sample74	Sample75	Sample76	Sample77	Sample78	Sample79	Sample80	Sample81	Sample82	Sample83	Sample84	Sample85	Sample86	Sample87	Sample88	Sample89	Sample90	Sample91	Sample92	Sample93	Sample94	Sample95	Sample96	Sample97	Sample98	Sample99	Sample100	Sample101	Sample102	Sample103	Sample104	Sample105	Sample106	Sample107	Sample108	Sample109	Sample110	Sample111	Sample112	Sample113	Sample114
Gene1	516	349	2699	692	2630	1696	580	851	3811	699	2031	1861	2797	1298	4720	2312	745	1997	1599	4723	3416	2068	3131	1389	3976	1535	3432	1094	2224	1523	2193	711	2510	1755	10139	824	3538	1157	7734	1407	2001	2336	4574	6858	1489	901	1200	2515	889	1516	1734	1404	1233	4441	3507	1289	4875	1429	1205	725	12309	4454	6372	1460	550	3275	462	622	2383	1201	766	1331	1114	1285	3959	512	10707	1595	853	4794	1602	1117	1035	2199	8279	2522	893	4040	836	4259	1360	2537	1579	551	2805	1569	962	3163	1131	786	1391	3008	841	1508	2673	988	1546	4577	575	624	793	782	9095	1313
Gene2	0	0	3	2	1	4	1	1	3	0	0	1	17	3	0	2	0	6	1	2	0	5	0	0	10	2	6	0	0	1	3	1	7	2	0	1	0	0	4	0	9	0	0	3	0	1	1	3	0	2	3	8	1	2	17	108	0	0	2	0	1	0	5	2	1	0	0	1	1	7	1	0	0	0	0	2	3	0	0	9	2	0	3	2	129	4	1	0	6	1327	2	0	0	1	0	1	1	4	7	2	1	0	0	3	5	2	2	0	1	0	0	2	3	1
Gene3	589	759	1159	662	1674	985	945	1249	635	567	1262	679	1453	1111	1574	594	744	1528	817	2241	1628	1582	1044	710	610	1691	977	1385	2296	839	1583	811	1530	1392	6725	928	1098	461	2765	1292	1993	2745	1564	2099	548	738	1817	1372	1001	1310	783	1040	1708	519	1530	1045	1483	1708	914	769	4082	2593	1436	940	730	921	727	623	2787	714	1094	1402	1224	692	990	668	2014	829	743	982	1605	1198	1210	1128	2988	888	946	2024	831	1804	846	620	1840	710	1671	1590	711	1158	985	794	645	662	573	875	1326	1287	2105	2094	623	572	784	1003	4536	800
Gene4	361	306	555	331	1028	497	337	345	449	381	645	495	807	838	510	454	487	943	410	758	473	936	618	574	488	505	501	687	880	370	569	795	973	695	1173	286	1255	190	2658	757	723	1178	1384	1354	642	408	584	1058	710	469	575	670	436	396	534	410	1353	636	474	552	1950	942	1416	441	494	837	461	497	793	440	322	345	939	550	485	406	724	419	778	984	987	341	588	1348	1117	589	660	1640	394	1566	513	556	1103	483	1098	1182	573	884	404	514	731	411	338	433	809	483	471	1211	465	425	444	388	1169	477
Gene5	88	44	386	65	200	95	39	110	120	63	344	105	271	129	544	239	69	196	213	1196	511	174	545	151	247	117	125	653	634	123	98	123	196	177	2273	93	613	101	577	339	185	360	364	235	183	69	682	388	339	68	241	151	141	113	465	106	394	568	80	80	1350	971	329	99	78	260	84	89	194	59	78	358	140	67	238	74	377	351	166	173	577	85	115	386	491	104	157	934	101	426	118	346	210	106	230	166	98	182	82	167	138	213	105	104	275	156	460	359	83	87	82	74	981	78
Gene6	3095	1526	1064	2949	10003	2126	2689	4762	242	2492	425	1367	1469	3595	744	378	3121	6334	790	2366	686	3119	1253	1015	599	1397	427	546	2187	703	1631	2923	3241	3878	1879	3390	1734	440	1216	746	12621	10348	426	4942	706	1993	955	829	1965	1753	2366	3275	3798	580	1357	1654	1042	558	2132	3599	139	1907	616	2574	1549	286	5567	1914	17370	1831	2523	387	170	1447	557	1320	1188	114	318	758	117	3396	4115	559	1671	1069	2994	1098	2314	826	2712	518	38	3735	7117	4171	2217	3076	4468	10160	185	343	1582	2147	1135	12472	437	1776	2613	1490	2432	3617	4645	1855
Gene7	1655	1397	6553	5278	10197	5208	1295	3972	6113	1212	5966	6630	5880	3603	4016	8107	1701	13743	2590	4651	570	4839	2804	4407	703	3153	3437	13172	7505	1282	4153	2918	5589	6527	4530	1545	5769	1575	7710	5717	5483	9381	2963	7141	1199	1919	1963	7496	2057	4508	6260	9948	6646	4701	4205	5289	5824	2786	1808	1881	9101	8435	15252	2839	4057	1574	3572	3422	2938	3666	2171	6243	3800	2066	6024	3069	13832	2222	1107	30270	2531	3436	2762	1868	8150	13124	2132	8567	3222	15341	3921	4488	593	2558	4241	4093	3299	8703	4781	1179	1081	6167	1403	2713	4202	5575	2028	4883	2082	1974	3258	2610	11883	3751
Gene8	1593	1067	4272	1973	4671	3228	1655	2128	1691	1786	4061	1987	2169	2868	5753	3263	2219	4359	3495	4476	2096	4167	2911	1889	1644	2501	2029	6056	3797	1352	2244	2170	3946	4209	17205	2596	2987	1780	6682	3577	4087	8888	3604	3762	1438	1677	2420	1430	1990	2446	3655	2920	3466	1609	2672	2253	3706	2421	1590	1897	5761	5357	1869	1688	1711	5017	1933	1670	4493	1632	2826	4693	3920	1878	1590	1486	5920	5103	2802	2712	1926	2187	2078	1558	4559	1985	2432	6439	2012	3540	2066	4807	706	2060	3622	3162	1689	2518	2965	3131	3275	2657	1398	1536	2093	4561	3441	4092	1490	1230	1683	2067	10682	1483
Gene9	832	393	2279	571	2402	882	554	975	1194	510	3318	4037	1632	812	39490	1777	746	1848	2495	4207	1871	1408	2305	634	542	764	210	37748	5071	415	883	528	1521	1193	13163	964	3120	1149	21488	3316	1499	2227	1687	3675	381	426	9607	2400	3142	977	951	1169	964	1461	43049	615	1095	2867	744	845	3546	2302	1296	827	526	15634	560	585	3127	837	891	810	1752	701	1396	294	3128	12825	2217	1235	11532	771	741	424	1666	1279	856	30240	618	403	947	10180	1203	440	2282	1298	848	2446	643	1602	2675	2445	512	1146	2029	1268	3781	1577	547	406	739	580	1547	912
Gene10	760	642	2103	670	1859	854	773	1390	1354	668	2446	780	1538	1199	1981	1261	752	1854	976	2114	963	1394	1249	894	4312	854	2988	1814	2855	963	709	829	2162	1369	2438	645	5747	706	3387	1835	1430	2490	3580	2080	1533	608	1581	1932	1422	584	1541	1414	1055	1006	2908	863	2253	1448	785	975	5564	4080	1606	1289	821	1463	658	793	1823	746	605	1867	1303	653	1721	723	1931	1126	1474	1111	1582	1469	1547	1694	1736	910	1127	6247	1057	2154	832	1602	950	650	1688	1635	856	1448	1467	860	679	1460	721	713	1504	1662	2433	1814	798	637	1042	1028	2966	792
Gene11	195	260	625	383	1360	763	364	413	405	262	661	310	632	726	455	348	375	1146	741	350	301	1254	232	188	254	340	189	335	537	414	625	358	1026	727	1020	273	528	172	1457	802	977	864	447	2732	143	454	914	847	380	293	414	716	550	455	313	338	954	364	522	447	1127	546	903	1050	305	493	312	388	1278	553	183	309	456	770	594	225	703	372	397	1947	512	709	416	344	671	1252	384	518	420	953	405	373	474	344	773	905	489	1523	494	487	423	298	357	777	396	576	389	573	358	375	343	532	795	677
Gene12	1486	1273	2689	2207	5732	2773	2358	2073	1718	1776	1383	1173	2186	3546	1097	707	1973	5443	1812	1665	695	5311	755	1154	1451	1665	3993	1919	1670	1289	2201	2802	5493	4024	4147	1262	2889	405	7229	1781	3170	5524	1835	6141	787	2052	1953	2634	1694	1330	2339	3805	1731	2420	1588	2293	2639	783	2485	2664	2473	1754	6115	2599	2704	961	2045	2396	2821	2777	1239	1674	3400	2782	1603	2076	2029	605	1663	3144	1513	2088	2398	1205	3051	2550	3100	2766	2541	2751	3263	818	1496	1673	3681	5035	2342	4594	3415	2178	2792	1565	1642	2211	2623	2711	935	3181	2313	1956	2493	2182	3508	2567
Gene13	727	628	1935	1012	2375	1208	1085	1429	1472	796	1710	941	2041	1694	2750	1539	1026	2229	1083	2740	733	1961	1373	1100	2278	1090	1804	2284	1948	2143	1090	1196	2658	2256	6635	790	2346	519	3902	1283	2087	3112	2426	3453	940	820	1749	1563	1390	892	1449	1608	1052	1736	1266	1148	3767	1594	1170	1058	3534	3407	2182	1192	986	1393	1005	943	1744	985	631	1991	961	1078	904	793	2469	1247	1147	1604	3057	1252	1178	2089	1005	1423	1566	2113	1083	1767	1085	1598	1216	1053	1877	2074	1073	2085	1751	1102	1342	1039	873	1089	1547	1891	3095	1159	996	919	836	1073	3356	1091
Gene14	1278	1968	1108	2036	5921	3022	2411	2809	1568	1410	2688	1032	2105	2569	2124	1974	2169	4334	842	2137	455	5273	1008	1022	476	3295	1163	1831	1546	966	3461	2904	4067	3282	1095	2318	3684	735	4983	1019	6565	5362	11384	6081	2149	2071	1755	4428	1708	2694	2463	2293	2916	864	979	2488	2532	1167	1850	2988	1892	1467	3044	2836	2042	911	1759	2578	6962	2429	1549	316	1382	2077	1624	1793	2328	602	1166	2375	651	3738	2502	3128	4350	1897	1672	3943	2946	2115	3126	1341	1358	1825	4786	4649	2115	4283	2164	2767	1222	1078	1430	2335	2244	4279	785	4070	1449	1419	1947	2601	3388	2009
Gene15	544	834	813	1409	4866	1156	1870	2580	930	1460	2718	315	1179	3918	760	501	824	2823	2665	1117	449	1463	1242	728	953	1172	778	1376	1554	619	1200	778	6206	4293	2094	939	1137	663	4596	1168	2102	3529	1940	5184	622	462	1800	1136	1288	486	1752	3275	2229	392	1149	1330	1490	1783	1177	1527	7498	2645	2217	1017	1334	888	851	1238	2020	2000	596	3500	1443	1030	1206	649	1871	1408	2209	2891	1699	1124	3402	728	1315	1166	1744	2153	2424	2016	1921	2200	229	718	2080	4640	1463	1851	3318	735	384	1186	2692	1086	737	1753	1428	1482	2270	997	1310	1052	5485	1463
Gene16	1465	1044	665	1227	3884	1695	1213	1188	345	2749	10	52	3527	1994	173	85	4192	1974	240	4187	193	2195	479	1355	105	754	316	498	71	38	1427	3378	939	2574	899	1153	265	56	3398	178	3456	6508	159	1643	1370	2150	8	558	1090	923	813	1157	1415	296	8	1166	3039	359	1523	2330	3	146	6705	1857	764	780	849	662	1773	701	2507	49	2071	861	1509	2667	1156	4	591	1169	33	3196	1382	2132	1091	623	3126	2324	1423	50	1947	239	177	1795	3988	1843	821	1593	2378	776	701	794	660	1023	574	2591	54	542	826	862	2492	893	333	494
Gene17	1063	1239	6693	1208	3390	1596	1454	1509	2070	985	4918	1011	2463	1929	5317	1184	1505	2762	2187	10033	2152	3403	2378	1975	2027	1368	1551	4199	4674	1461	1418	1724	3225	2452	6266	943	4748	1531	5095	4189	2033	5180	3465	3690	2264	1336	3274	3700	2643	1182	3178	2300	1589	1450	5436	1553	3517	2034	1660	1965	6352	8632	4009	1702	1746	849	1146	1611	2113	1691	976	3374	3475	1299	2366	1386	4371	2045	1330	2020	1811	2083	2157	2003	2968	1698	1494	5315	1866	3886	2055	1480	1093	1045	2872	3072	1886	2660	1829	1515	1291	3063	1323	1432	1802	2086	5391	2079	1323	1124	1827	1471	14381	1324
Gene18	204	319	286	503	954	437	369	720	75	254	281	211	157	357	464	240	328	612	287	894	258	714	94	206	145	316	152	459	251	75	464	437	536	499	653	335	511	72	399	125	643	1154	714	555	246	406	220	415	237	213	280	306	438	57	242	392	437	252	467	552	248	406	300	662	388	89	314	335	695	453	154	161	650	250	197	551	483	180	410	226	77	713	351	230	154	265	282	678	514	204	391	134	104	416	472	622	385	667	591	273	320	360	148	347	106	831	659	89	243	297	308	403	618	270
Gene19	577	893	1579	683	1814	749	742	1011	792	605	1322	573	1034	1429	1817	516	808	1697	837	2620	763	1703	985	915	676	832	704	1228	1456	985	879	1169	1828	1450	3942	477	1965	520	2623	1754	1238	2461	1745	2532	867	721	1315	2257	1389	583	1038	1307	767	710	1111	704	1480	967	1119	984	3426	2067	2480	1148	878	461	762	860	1430	831	479	735	1589	892	891	822	1325	911	788	1609	940	1156	1434	936	1692	1062	1001	2583	968	1736	1079	606	857	739	1867	1937	1073	1674	1167	843	808	993	897	1108	1183	1098	2276	1201	841	777	948	907	3791	1001
Gene20	146	97	162	84	339	193	122	174	193	121	253	197	215	356	134	161	234	400	80	287	193	496	151	238	96	105	103	156	260	353	126	274	467	327	683	90	365	121	517	224	224	475	360	758	255	178	181	322	375	95	129	318	138	192	147	164	392	276	281	230	597	417	469	142	239	209	137	166	199	161	116	160	287	179	183	124	174	131	432	446	419	122	327	261	492	371	239	445	169	582	215	270	261	166	433	473	332	380	139	250	213	222	296	187	255	185	151	453	300	306	264	155	490	202
Gene21	6	0	294	1	16	3	0	6	36	1	25	3	5	7	34	54	6	7	10	44	82	13	15	10	9	15	8	56	136	7	2	8	10	8	295	2	26	33	46	20	7	8	11	25	3	5	8	16	3	3	7	6	1	21	88	0	14	10	4	2	39	189	9	3	0	37	1	4	2	2	0	446	31	3	24	1	3	45	48	7	13	4	13	3	21	9	4	13	11	20	5	8	14	11	19	14	3	17	4	8	2	20	7	10	5	7	11	4	9	2	6	10	38	16
Gene22	765	554	940	1231	2543	1440	1190	994	1168	1165	1175	804	1104	2097	2005	642	924	2432	1401	1965	1570	2935	991	641	811	2060	993	1144	1657	2091	2516	1014	3446	3002	2957	1306	905	510	3336	1078	3359	3237	1500	3124	500	784	1016	1135	762	1831	889	2223	3126	774	808	1293	2814	1512	896	1029	1503	1504	1747	1202	944	839	965	825	2858	1129	1116	996	1736	1263	1117	937	3091	640	955	1488	875	908	1097	1433	2048	1274	1853	1277	967	1409	834	709	1149	1297	1591	2235	853	1717	2426	1180	1689	1170	831	1195	1358	2065	1664	2317	989	979	649	1076	5738	1058
Gene23	5229	3463	8908	4528	11109	4437	3829	7175	2578	4010	4223	2550	7819	7594	3614	5431	4079	10277	3585	8682	4168	8459	8579	5185	4461	5039	3292	4030	15534	2023	6663	4048	9940	7681	19621	4845	9538	1495	11965	7819	9278	21282	5357	9480	3759	4223	5034	5355	8021	4901	7190	5989	9151	2641	6629	4258	7705	4577	4610	4052	4240	21044	6065	4336	4345	2612	3117	3901	9128	4820	8109	10668	2177	2481	4521	2556	8136	2917	1993	3256	2372	5960	6343	5032	5499	4574	6434	12558	4286	5763	3616	3038	2102	3979	7662	9483	5633	5781	7499	4482	2654	1726	3137	4497	5859	9890	6598	7756	4550	3134	6469	4809	15447	3691
Gene24	3548	3163	10793	5744	13926	6708	5248	9461	5373	3303	8802	5002	11186	8304	14836	4466	4221	13741	15755	7524	10232	8132	6077	5189	4074	6066	3087	8926	16742	6855	8235	4064	11485	11521	13489	9784	5839	2892	18229	8092	11346	21546	4844	10560	3008	3601	5955	4297	4416	5096	10845	9895	10974	10238	8115	6117	17976	8218	3624	5587	9625	16874	4463	5608	6098	6547	6698	6030	12230	4985	5868	8000	3822	3713	7236	4275	27230	15679	4950	7594	7748	7750	7162	4501	21172	5772	6517	7603	7055	22264	5620	9154	1515	4917	7035	8661	4679	10259	11770	4875	2249	5456	3605	5117	5087	16201	6723	10592	5313	4584	4405	5410	13118	4843
Gene25	74	88	629	181	944	384	168	211	1297	138	716	225	689	620	434	1204	180	664	465	1325	683	506	1262	408	258	494	602	798	845	547	431	214	639	376	1080	300	992	67	556	322	673	1716	610	2402	760	248	322	1045	294	180	699	252	509	755	441	183	2719	1081	310	205	2285	1343	461	831	134	224	81	123	1078	470	158	1108	2922	225	2211	84	5309	191	3587	958	487	604	480	1826	1802	405	415	403	204	4151	297	387	118	134	637	552	221	1192	170	183	133	1130	198	517	803	219	992	641	240	106	148	204	2433	467
Gene26	38	1	938	124	71	65	11	30	929	61	29	105	1517	74	15	2165	21	159	156	31	42	55	701	3951	1887	6	1108	21	2170	72	27	29	111	64	40	21	88	49	11119	317	79	401	342	42	1499	87	10079	88	97	76	359	65	70	711	173	13	15379	9	19	35	6	54	480	39	14	1376	13	16	120	32	65	60	9694	15	116	15	5228	393	2792	170	19	27	24	573	10251	127	150	59	16	2942	22	127	406	71	183	23	39	46	38	163	88	929	11	28	2095	220	66	377	20	29	42	34	126	19
Gene27	0	3	6	6	57	2	5	21	18	6	8	5	4	5	10	4	1	9	2	15	1	12	10	4	3	4	4	3	8	4	21	1	21	1	130	7	56	2	58	13	3	9	2	35	3	4	76	25	10	2	3	2	4	5	1	4	39	79	6	1	22	51	24	33	1	42	2	3	5	2	3	3	6	5	16	2	12	4	14	14	29	18	6	7	12	28	24	12	0	7	12	1	5	7	14	10	5	24	0	4	2	3	4	6	36	7	1	40	6	2	2	35	14	8
Gene28	18	2	75	24	46	35	5	14	100	3	364	61	64	34	16	141	14	31	99	51	38	4	32	22	4	11	29	272	106	59	2	15	19	27	209	13	42	30	86	169	27	35	38	21	18	1	24	144	45	5	388	76	30	195	194	38	83	95	21	14	7	370	116	6	13	96	2	1	14	8	7	69	35	8	51	7	369	113	7	41	36	5	12	64	206	44	7	28	10	323	37	58	61	3	24	13	9	13	22	9	19	20	9	3	61	16	29	64	9	5	5	11	160	17
Gene29	748	463	1764	974	2323	1131	1139	1099	1238	843	2009	707	1385	1548	1337	1146	862	1802	831	1945	1617	1385	1638	635	2790	446	697	1063	1555	1620	734	845	1830	1894	2573	891	1715	510	2174	660	2281	3414	1311	1852	533	727	948	1517	1167	442	1250	1537	922	774	3113	779	1925	1634	795	991	2554	1923	1366	873	783	1352	737	697	2154	853	747	1728	1794	797	1045	655	1451	918	1038	922	713	1066	809	860	664	942	1812	1400	903	800	881	1306	398	1060	1499	1693	855	1357	2177	1025	1264	979	595	858	1008	2028	946	1213	785	694	742	1159	2358	801
Gene30	6638	4021	22576	9462	22591	9370	8945	10427	12590	8017	20213	5826	15472	14675	15221	9483	6638	20566	12839	16554	5372	14840	14482	6360	9997	5666	12449	23532	17001	5910	6012	7705	26677	22636	29428	5086	24996	4120	29664	15074	15932	27646	17924	20961	10435	5726	11315	8110	8378	5701	16157	19715	12429	13126	14836	8267	17456	6190	6760	11214	21343	22782	7205	7508	8107	17176	6762	7643	17618	9248	6422	15477	22567	6436	11314	5299	25210	9414	12768	10466	12797	8853	10153	9117	10178	8087	13450	15218	10760	13447	8698	11826	3948	7878	15164	17617	9316	13599	15725	9726	7848	10452	6223	7237	7531	20522	20234	14880	6923	5920	8224	7471	29992	6598
Gene31	564	450	1214	773	2049	915	873	1183	866	693	1208	516	1234	1289	1196	848	761	1740	866	1732	1569	1989	996	626	574	2289	714	1129	1609	812	1731	713	1998	1827	3694	1143	1390	560	3034	1028	2378	2964	925	2091	552	732	1073	890	1317	1355	1151	1593	2163	584	1202	944	1844	654	759	804	1700	2050	826	840	664	961	888	663	2627	746	1337	1063	1115	696	840	598	2106	442	715	1110	966	822	1111	763	2703	737	1651	1312	772	1646	825	738	576	948	1338	1599	814	1298	1282	1141	704	698	608	797	1454	1738	1489	2900	793	601	878	869	4031	735
Gene32	1326	689	1498	1891	3627	776	700	839	754	991	2186	820	2982	1732	927	1603	1183	4296	1488	1975	1582	1066	4513	4219	2471	1126	4761	1849	4273	1411	1249	906	4060	4273	3403	1631	3363	1257	11757	3091	1694	6210	609	2299	3795	945	11830	819	6915	1159	5580	4092	3721	2418	2550	1301	14366	1488	490	1058	192	7811	1360	601	1103	1459	749	890	1744	802	1980	2398	1885	550	1447	914	7393	1174	1399	1085	3432	1530	1717	3051	13197	2360	3170	2911	1103	13330	695	1518	3667	1333	2030	2191	1356	1239	3159	674	572	637	1142	1285	3138	3715	571	6529	1058	1221	1320	912	9907	664
Gene33	2688	1828	4274	3387	7886	3799	2795	3418	1374	1954	5004	1931	3965	4159	2045	4085	3402	6388	2324	6748	3043	5532	2814	3482	1178	3318	1672	4612	6444	769	3520	3403	5375	6245	15301	2727	4698	1706	5452	3050	7595	13920	6698	6106	1875	2938	2925	2479	4561	2278	5724	5101	4554	1884	3599	3389	5533	3057	2554	3370	2768	6853	4456	2794	2825	2401	2679	2676	8840	2861	5063	4901	3189	2176	3044	2215	6617	1341	3156	3589	2672	4344	3793	1323	5327	2354	4288	5954	3430	5275	3492	3180	1064	3193	5629	5580	3151	4710	3839	5514	2252	2282	1939	2555	3079	8480	2697	6453	2252	1984	3288	2810	9070	2082
Gene34	42	19	99	125	385	367	31	54	46	26	470	16	46	186	472	41	78	428	40	15	16	297	66	160	53	128	21	29	72	22	484	50	338	158	40	42	325	24	89	38	212	114	32	923	25	91	3	300	373	224	93	136	197	40	8	97	163	143	77	47	263	1057	371	266	66	43	16	62	238	154	42	103	31	171	152	40	253	58	29	1440	240	178	115	223	89	644	88	67	69	48	89	22	20	34	221	209	191	563	104	68	16	196	80	199	140	50	275	122	44	50	59	90	148	218
Gene35	92	187	307	871	327	74	224	47	81	83	147	20	273	2484	164	62	353	2490	351	175	107	479	181	228	380	225	107	166	444	78	99	331	6840	221	1812	46	483	99	297	92	718	908	73	2231	167	100	765	100	491	56	357	912	176	102	441	144	187	103	71	390	75	218	66	361	413	107	53	277	471	302	57	218	137	265	167	343	329	313	26	180	77	48	825	124	259	329	911	177	640	57	103	46	40	551	690	2963	417	599	296	111	35	63	234	128	112	98	41	183	861	460	185	73	225	233
Gene36	613	455	1395	547	1309	1106	706	810	1554	526	4110	1030	2471	1060	1421	953	700	881	690	1833	840	1650	2221	935	2437	578	1490	1550	1004	667	743	851	1429	1373	2692	650	2129	756	3976	1145	1146	3191	3654	1722	1209	604	3502	2102	1306	536	632	996	640	878	1836	906	3222	2626	810	836	6535	1742	2214	777	505	1954	476	560	1194	603	678	1399	3475	691	1118	619	1159	1500	1721	1163	631	911	1026	1865	1323	818	892	3140	671	1786	950	1932	1716	752	1390	1421	652	929	775	718	1909	1279	610	757	1002	1277	1256	1740	769	463	704	1007	3711	758
Gene37	163	104	1560	341	559	438	392	301	2042	197	5183	756	432	477	1540	1106	172	581	554	1647	1361	705	483	474	1349	222	903	716	1229	2380	369	303	874	1178	2874	162	881	366	3440	1751	337	1203	2208	756	621	195	1208	926	841	161	345	646	249	1235	452	228	1922	924	255	224	8878	1058	345	369	254	1041	376	214	357	307	102	824	554	498	1815	144	1362	2664	1098	573	808	215	201	760	1183	534	365	2205	208	3917	197	1261	929	168	356	547	364	414	454	277	1019	1503	142	175	603	546	2628	1292	323	158	151	314	4755	271
Gene38	678	706	1348	754	2124	1060	870	1246	474	510	1157	560	1466	1338	984	915	870	1899	803	1563	471	1830	642	907	673	677	688	1479	2010	487	776	1225	2290	1527	2176	586	1526	456	2334	998	1277	3366	1813	2966	999	795	1678	1247	1400	551	850	1386	849	414	884	971	1991	999	1160	1143	3694	1888	1323	1197	1163	940	818	901	1340	932	541	774	1443	849	1114	731	1364	1089	588	1201	789	1149	1296	1057	1516	1188	999	3438	1132	1060	1179	812	433	670	1813	2022	1059	1697	1348	891	872	712	830	871	978	1538	2540	1195	911	715	991	1024	2602	982
Gene39	960	1042	2405	1076	3085	1308	1220	1360	1182	882	1651	757	3020	2086	861	1294	1246	2492	1518	3373	857	2290	2444	1191	639	1044	515	921	1690	1021	1005	1479	3321	2757	1710	888	2267	503	2826	2050	2089	5784	1962	2670	1080	1287	765	2172	1335	770	1399	2420	1482	1563	882	1663	1548	807	1233	1531	206	3008	1632	1150	1198	1208	1036	1195	2902	1218	1004	1059	1888	902	1233	1062	2161	582	1054	1159	182	2389	2470	2369	2678	1262	1412	2370	1786	4135	1488	771	393	1159	2308	2621	1398	2004	2080	1700	429	833	1611	1065	1972	1836	1743	3027	1435	1109	1433	1021	7087	1295
Gene40	7685	9312	10391	6051	24660	9949	13360	23211	4374	6350	3469	6018	10610	12236	13369	3290	8651	13953	4210	13594	7526	15859	5851	6134	6126	4887	2887	4599	16943	4911	6617	11061	16038	14361	14306	6313	9933	2503	9479	9421	10309	21863	9161	27922	5305	7192	4313	12748	7298	3225	7132	10698	6703	4436	6799	6185	7017	3231	14903	10930	6108	16068	9214	13870	9829	3269	9953	9089	14428	8514	3904	3326	5784	9838	5439	7323	4208	3319	4258	9090	2113	22543	14765	7450	7985	8899	7397	14009	10453	10005	13208	3013	2112	4877	17013	21836	11936	14818	16085	7873	5558	2764	7826	10126	5908	18941	5224	9701	10783	7943	10629	11358	23588	12389
Gene41	3025	7485	5630	8031	19584	7993	12079	16214	2595	7183	2793	615	12521	14265	5202	4469	5497	11238	19167	36111	9266	9771	4505	5220	1659	9471	32139	6507	14601	3002	8330	10813	15743	15343	10386	8661	4681	3585	9182	14516	17141	31167	8668	18354	11067	9498	745	6353	4802	7043	2327	9039	14867	3843	1819	9976	4802	886	11735	9320	9235	5754	22515	12419	6343	12160	5107	6311	12512	9024	5011	3737	4233	6305	3439	6704	8505	6317	5990	4462	723	13309	11504	20154	25859	4154	9207	18481	8900	5240	12367	6634	345	7916	14918	18692	4600	9841	16354	3951	1648	4201	5170	6395	3393	10572	19780	84227	7623	4015	8849	7473	10213	8285
Gene42	223	235	429	199	473	357	194	328	292	243	660	225	555	412	996	226	269	540	272	838	642	488	558	354	225	314	359	550	584	271	323	360	518	490	1217	248	574	179	996	430	467	1215	665	724	331	228	483	517	343	255	320	367	430	216	424	303	663	469	356	284	1208	642	551	334	245	417	228	204	681	213	299	244	426	224	242	222	588	264	232	464	527	282	373	391	827	367	389	807	283	444	362	359	377	295	684	554	290	445	372	371	284	331	298	262	373	431	604	677	262	246	345	289	1440	258
Gene43	2076	2021	1923	1339	4604	1909	1530	3576	1754	1674	2161	1782	2408	4089	836	1028	2590	5323	1259	3163	829	5227	2611	3156	2170	1234	2279	1672	2235	2040	1596	4311	4978	3899	4667	823	3788	1050	5947	1869	2758	7781	2612	8906	2994	2462	2143	3039	2716	1014	1795	3827	1389	1506	2475	2021	4719	1636	3140	2049	6892	5134	3809	2742	2660	1745	1954	1908	4317	1643	1030	1181	2904	2722	2010	2456	1884	1082	2164	4868	1547	2325	4170	1556	3449	3477	3037	4089	2140	4877	2252	1190	2687	2557	6083	5295	3445	5419	3082	3581	1679	1648	3430	2802	2840	3356	3512	4039	2947	3271	3204	2645	7590	2831
Gene44	48	50	67	40	106	81	73	125	8	36	283	63	135	108	235	36	57	187	42	89	37	157	49	193	11	73	40	139	44	43	90	87	99	90	110	57	134	27	190	85	94	189	72	213	9072	66	608	75	1388	61	31	72	54	38	27	93	9249	349	89	61	423	125	156	217	53	106	63	91	150	72	41	38	79	75	40	64	52	26	46	77	118	98	152	103	79	82	70	146	71	175	79	24	70	47	137	135	67	134	103	53	138	19	95	74	48	85	23	65	81	59	63	86	187	90
Gene45	631	2278	500	841	5340	1476	3670	5308	98	1000	5745	11676	4136	1681	195	392	1146	4899	5426	498	1384	2098	426	6630	125	1419	761	721	933	264	1313	1797	2172	2932	525	1137	2068	7602	19527	4059	2017	3724	9637	8862	10294	1110	695	2783	5407	1047	729	1661	1224	270	151	2047	40298	10054	2911	2808	8898	926	6401	4472	1227	18018	883	1508	6008	2392	608	471	310	2230	1548	1211	1108	1566	392	2387	192	7351	4369	8085	252	2280	1890	49193	2768	6365	1746	17481	30	722	4732	3222	760	4576	4794	902	18807	145	1235	2502	546	3348	57	506	1174	988	2197	2148	1173	2249
Gene46	2181	1335	5773	2469	6979	3650	2666	3804	6969	2534	3836	2525	4596	4810	6939	1822	2439	5995	3260	7961	7170	6058	3924	2329	4300	6309	2916	2870	5137	7729	5583	2589	7595	8136	20124	3849	5212	2984	11394	4924	8226	9180	5694	7064	2284	2130	4834	3869	3312	4752	3509	5490	7666	4471	3297	3524	9452	3736	2431	2559	12618	6484	2680	3012	2189	2549	2937	2133	8330	2527	3673	4037	3499	2960	4132	2012	8791	3565	3247	3485	4586	2924	3077	4713	6506	3440	4742	5364	2674	6483	2285	2119	4303	2893	4424	4862	2498	4090	5419	3635	3117	1905	2213	2662	4738	6020	7137	5075	2288	2285	2088	2935	20332	2690
Gene47	190	101	209	220	612	316	251	242	260	185	271	104	291	479	105	165	287	639	88	254	125	576	164	211	83	159	333	334	184	188	213	470	646	729	186	98	514	105	443	139	399	1005	234	822	279	274	631	449	572	110	391	488	211	231	168	241	516	253	312	305	361	323	601	271	348	200	221	294	344	297	139	85	428	306	309	326	473	83	169	833	381	257	399	326	148	588	395	286	332	448	306	102	70	343	405	643	366	534	421	239	129	139	309	243	290	422	70	474	292	318	290	272	936	295
Gene48	1665	1093	6939	2325	5365	3218	2486	2787	5954	2132	4572	2774	4903	3716	5392	2863	2118	4720	3725	8427	3538	4460	3794	2088	2783	3246	4371	7431	4555	4375	2807	2252	5680	5756	22465	2363	5543	2376	11708	2245	5619	10688	7020	5243	2541	2157	4477	3588	2402	2352	4401	4041	3577	2756	4939	2669	7050	3737	2365	2426	5969	4997	2773	2418	2008	4881	2510	1892	5487	2331	3409	4480	3420	2177	3176	1758	7635	2930	2554	4546	5561	2476	2478	5004	5268	2787	4320	5617	2489	4446	2424	3090	1578	2271	3666	4298	1945	3134	4152	2795	3890	3317	1669	1955	2763	5175	6523	5317	1890	1721	1815	2444	12508	2056
Gene49	5393	3927	4986	9426	25905	7757	9408	10894	4618	7179	7885	4189	9342	16223	3678	7872	8062	16459	9257	40817	4725	9550	6827	8080	4492	4453	17174	9984	13247	7878	3669	7876	34965	25460	7768	4780	28360	3849	23729	5120	11489	31697	7484	20556	8373	5348	5898	8467	9208	3715	16963	18088	6895	7857	11029	7566	8092	4779	8392	11133	2372	13423	6187	6508	9019	2603	5401	8620	12191	11523	5132	9626	2794	5121	10075	6047	13719	5911	2241	6113	2961	8582	12422	5416	9120	5547	11006	8651	14042	14729	11015	5753	915	6887	12981	21784	8308	11723	20313	8809	3837	7172	10555	6378	4702	16461	13436	6657	10119	7063	8016	7106	24537	7666
Gene50	2075	1736	4661	2757	6259	4712	2701	3037	4447	2344	4762	4628	7461	4152	5564	3082	2784	5861	3815	7924	7168	5658	4146	3131	5882	4942	5108	7147	6434	5165	4834	3429	6481	6559	26971	3223	5529	1680	23358	4537	6572	11664	4116	6176	2459	2344	2593	4923	3301	3732	4676	4580	5283	4202	6124	4107	7928	6668	2922	3061	9569	5967	5043	2905	2650	4171	2743	2367	6370	2842	3074	3406	3427	2762	2785	2655	6568	2307	2767	3205	6183	3633	3752	3812	12544	3341	4729	6422	3162	7473	2927	2342	5394	3141	5325	5464	2781	4146	4368	2926	4609	2868	2297	2585	6915	5620	12901	9734	2507	2042	2764	3292	13791	2412
Gene51	1527	450	571	655	2779	3798	360	1329	395	235	161	2057	1640	399	242	2092	397	2015	1288	592	439	2437	1525	2236	387	397	230	776	992	194	877	1386	367	918	1955	779	966	457	4992	3984	493	3000	635	3573	484	1554	1558	1121	1803	734	494	777	862	196	193	896	766	648	459	267	80	2269	492	1713	1639	382	2429	1031	1295	839	749	580	93	1361	969	1236	335	1925	170	1414	195	1468	509	171	470	2033	1146	2109	298	52	361	380	2056	408	628	1070	1198	2253	1061	424	1990	121	217	1330	1976	2855	268	1110	672	740	628	2777	2592	1569
Gene52	988	938	4097	1907	3523	1733	1616	2142	3551	1556	6176	2104	4030	3006	3720	1913	1813	3677	2297	7194	5993	3440	1728	1773	6145	2408	2773	3693	6554	4250	2083	1440	4247	3681	22785	1122	2754	1565	6532	3711	3517	6278	5375	5647	1760	1324	3274	2235	2869	1667	5601	2904	2692	4051	6704	1645	5204	6688	1910	1561	5971	9252	1644	2394	1491	4377	1435	1329	3010	1637	1805	4672	4265	1937	2902	1113	4210	4550	7530	2849	13661	2055	1797	1649	2461	2089	2615	10900	1600	4789	1570	6212	2066	1823	3035	3090	1782	3191	2967	1726	3593	4459	1432	1545	1906	3374	7380	1889	1538	1450	1732	1786	5855	1219
Gene53	1288	1008	3572	1621	4523	2378	1410	2111	2488	1353	5528	1496	4471	2847	3013	1565	1668	4068	2816	6020	2243	3452	2823	2243	1887	1673	2781	5468	6172	2428	1843	1995	4558	3952	8381	1182	4332	1699	5634	3195	3008	5698	2991	5499	1865	1518	7091	3611	5402	1178	2453	2925	1800	2999	2915	1891	5588	6219	1903	1826	13778	6005	4556	1953	1707	3531	1570	1626	3364	1779	1190	2264	2681	1761	2400	1506	4472	2754	1691	3232	8927	2244	2155	2194	3406	2810	2467	5597	2070	4081	2054	2257	2484	1707	3379	3448	1900	3696	2649	1981	2018	2451	1562	1802	3248	3236	6651	3094	1612	1335	1669	1741	8386	1798
Gene54	1737	1500	1405	1175	3249	2072	1602	3057	1579	1220	2017	1567	1919	2806	965	894	2248	3299	1097	2694	744	4237	2948	2978	2341	730	1836	1615	1983	2208	1196	3786	3258	3059	5077	645	3281	956	3805	1702	1865	6547	2168	6723	2452	2019	2215	2666	2658	758	1423	2544	825	1460	2066	1515	3453	1786	2849	2184	6588	4608	3376	2294	2233	1561	1392	1838	2348	1212	723	1111	2276	2307	1524	1690	1124	828	1732	3440	1830	3496	3337	1387	1457	3493	2615	2909	1932	2905	2117	1170	1631	2182	5902	4163	2791	4259	2240	3052	1354	1621	3440	1996	2366	2500	3267	2901	3393	3255	2640	2641	5993	2654
Gene55	301	149	191	338	869	382	273	329	367	258	273	381	604	618	389	138	485	792	302	576	146	741	280	250	128	276	424	162	227	218	247	643	994	585	348	228	408	206	1651	173	953	1723	432	1048	176	308	390	400	401	225	387	648	263	250	225	437	1296	277	377	493	482	420	638	306	416	508	399	341	1025	486	285	157	460	520	152	305	302	196	141	376	433	250	445	528	667	526	559	420	366	220	349	236	277	603	721	945	383	582	527	834	1035	135	341	330	395	869	249	456	388	462	207	401	385	350
Gene56	575	740	5097	852	2336	756	559	1259	238	473	1395	271	1175	1069	1347	756	760	1740	618	2715	1052	1180	818	919	599	825	413	1569	3314	262	934	828	1646	1232	3889	502	1615	387	1078	1648	1280	2370	727	1526	841	564	1474	1224	1049	533	1744	1275	929	558	1906	905	1397	1124	738	889	1590	3287	1550	868	982	439	574	920	1204	825	628	1363	937	478	941	624	2362	843	770	931	978	937	1340	309	1571	874	913	1728	952	2232	1052	1016	318	626	1377	1492	921	1555	896	959	279	731	543	708	843	1418	3779	1038	687	516	916	698	2810	754
Gene57	506	574	1478	693	1671	687	563	609	591	555	1086	431	884	1156	1670	437	713	1529	622	2500	647	1728	627	602	842	923	629	1152	1280	459	946	868	1556	1308	3481	548	1676	481	1830	1260	1492	2308	1608	1970	641	676	951	1485	1021	883	1113	1064	1043	432	1279	780	1609	600	834	765	2364	1614	1888	795	721	446	667	639	1501	716	744	789	1137	634	802	558	1454	789	531	914	845	609	1020	891	1682	750	851	2507	782	1306	798	464	583	608	1499	1558	746	1392	942	1005	743	798	689	743	865	1010	939	1019	679	559	824	653	3677	639
Gene58	362	423	166	2209	5280	944	1467	1417	225	540	665	182	305	2207	168	102	453	5046	179	168	55	1833	146	132	51	1196	177	216	107	326	1077	909	6261	4281	664	783	266	133	868	89	4076	3200	214	3049	128	394	40	693	333	452	293	3331	2017	234	76	1923	1011	225	615	975	37	213	113	1432	1644	230	1079	1584	2230	1503	541	181	62	1048	313	925	1091	251	55	7618	153	2026	1233	95	480	1347	1131	217	2286	219	1405	78	53	904	1921	2835	1070	3778	5043	653	159	109	659	993	596	2360	162	629	1028	1057	692	1043	324	1132
Gene59	83	87	82	59	209	93	87	238	157	47	301	149	129	116	142	123	126	202	66	604	261	267	670	353	185	30	73	334	321	521	45	162	207	199	426	45	695	85	114	235	123	600	216	623	218	77	1307	221	554	14	75	149	56	86	196	49	248	224	140	133	964	1116	96	171	130	144	75	136	192	59	29	106	46	119	165	181	61	61	161	302	1062	199	226	186	195	270	150	275	109	543	76	84	177	171	280	331	165	267	217	208	117	183	233	195	413	123	514	312	325	218	157	173	1101	180
Gene60	733	421	1200	955	1994	1384	1012	1089	1959	956	1329	1145	1952	1622	2435	1383	825	2015	1350	3617	2764	2675	1334	957	1778	2427	1251	1754	1821	1796	2251	1008	2200	2142	6267	1517	1234	928	4994	1710	2750	3375	2616	3045	800	883	2350	1744	1237	2320	1506	1238	2834	1366	1692	1126	3168	1674	797	799	2269	2442	1670	1120	647	1436	985	658	2932	862	1562	1692	1093	999	1339	654	3551	1492	1345	1452	2451	1068	1081	1825	4541	1329	1424	2709	851	3289	744	1827	1792	1175	2076	1559	915	1567	1186	1324	1500	1178	685	1131	1554	1677	2343	3466	838	717	877	1071	5404	959
Gene61	5452	6060	1664	3937	57309	8367	8198	20957	517	3573	1036	1913	6663	4731	4287	269	5304	13832	648	3385	582	6569	1042	557	245	14277	1576	478	1061	142	8876	6100	7614	19063	2474	26034	693	2173	1847	2689	14021	9733	5014	19501	3634	2752	354	8694	2285	3001	2043	3879	9077	850	423	5187	2435	380	26238	8186	1390	753	1121	8885	6472	1708	13140	6910	6534	5061	3780	450	1492	3289	584	1789	3702	178	1100	8483	651	7980	6155	1381	2500	1457	3492	5589	6037	298	35920	2760	550	1403	7670	19811	4635	19152	18176	3957	4004	533	3282	4724	1221	11113	296	796	5036	3275	7105	10546	5034	14877
Gene62	3	6	1	5	14	71	4	7	2	12	11	17	14	3	3	6	7	14	6	15	17	0	7	1	0	2	7	4	15	10	4	6	15	21	59	10	7	2	12	14	31	93	3	2	7	3	3	31	32	4	19	4	11	6	3	3	6	3	7	3	17	9	4	3	1	6	9	2	27	4	16	8	1	5	1	7	26	4	1	34	24	5	49	4	29	2	14	26	4	14	7	3	0	7	9	2	2	191	12	20	2	1	3	3	6	34	3	22	4	2	58	38	23	36
Gene63	210	29	157	597	2695	3126	63	375	96	95	155	182	115	1802	49	258	556	2855	318	41	208	4088	36	42	55	521	33	21	103	226	4782	51	2508	627	105	300	714	93	554	82	2300	304	30	13425	18	1093	147	2981	89	1365	53	335	206	44	27	68	1738	22	932	212	204	290	2010	2677	73	75	30	238	4357	1275	337	235	40	3098	1962	69	542	15	291	8011	118	1651	487	28	207	8623	801	100	132	174	353	6	59	345	2388	1214	1681	6299	102	1108	53	27	729	3059	343	107	24	701	519	911	209	644	577	2871
Gene64	5	4	2	2	8	3	9	1	2	3	5	3	5	16	8	2	5	64	1	0	1	9	7	4	3	7	3	182	3	2	9	7	10	26	5	8	32	1	5	0	8	187	8	264	5	2	16	5	7	0	5	8	7	1	1	9	13	4	9	1	0	1	6	4	16	4	1	30	36	8	20	3	1	4	2	4	21	3	0	0	0	0	6	1	7	5	6	7	25	4	6	3	0	0	7	7	4	4	11	1	2	1	16	5	4	12	0	1	8	0	21	0	12	3
Gene65	12	0	34	27	103	171	2	42	171	1	105	10	95	59	85	209	26	98	9	3	282	141	20	13	23	8	174	11	9	115	106	1	126	19	6	13	79	56	4	12	82	21	3	542	18	26	48	1629	1	29	53	10	5	26	5	3	264	15	32	10	0	33	85	150	5	8	2	11	84	73	4	0	46	138	422	0	121	13	7	574	241	72	12	807	156	223	33	30	8	11	15	14	2	9	43	82	98	214	2	52	22	45	32	102	25	0	24	15	20	29	15	23	28	121
Gene66	383	321	2691	439	1362	756	433	901	1310	426	1830	579	1587	697	2121	951	639	1065	1137	5990	1078	904	1020	659	694	453	1128	2100	1913	881	487	582	1342	1438	4129	427	2615	539	2368	1890	1028	2571	1330	1441	1063	515	2056	1855	1714	444	865	988	688	1192	1949	731	1720	1109	728	656	5456	2800	2012	517	501	909	490	518	1335	727	531	1441	2092	446	941	498	1752	1726	921	958	1331	639	735	1635	1235	587	698	2808	598	1229	725	883	655	500	1135	969	489	728	733	852	1143	1982	585	521	1072	1372	2510	734	420	372	471	587	4877	540
Gene67	1533	1080	1795	1900	4122	3256	1967	2611	1171	1781	2236	1512	2015	2696	2436	873	2132	3544	943	2204	1351	4632	1085	1003	656	2787	1186	1086	1277	2181	3118	2562	3579	4343	4639	1816	1428	701	4334	1321	4574	5582	2725	3741	1015	1777	1015	1797	1081	1978	1841	2968	2384	1069	952	2715	2343	952	2283	2202	1367	1986	2353	2424	1903	857	2893	1703	4237	1676	1718	1030	1334	2286	902	1925	2145	774	776	2507	642	3014	1837	2165	2323	1795	2424	2759	2182	2068	2307	712	1707	1785	3251	3508	1529	3017	3219	1782	2645	472	1191	1610	1463	4146	1473	2559	1600	1377	1501	2373	3454	1830
Gene68	1156	1703	3359	1492	4110	2092	1879	2855	1362	1307	3212	1283	3367	2279	4640	2306	1456	3669	3707	5973	2500	3112	2381	2542	983	2313	1690	4779	5456	1456	1935	1756	4027	2973	8496	1262	4433	1038	5504	3269	2720	6597	4336	3981	1821	1415	3354	2709	2450	1719	3631	2737	2372	1296	5071	2510	3843	2241	1722	2067	5348	5199	2686	2051	1830	2525	1429	1732	3157	1871	1667	2968	2927	1278	1757	1388	4799	1864	1778	2523	2901	2594	2588	2094	4885	1801	1912	5332	2228	3763	2109	2319	696	1250	3693	3900	1799	2745	2225	1650	1670	1475	1527	1589	1889	3300	5348	3105	1559	1085	1695	1760	7730	1747
Gene69	14	26	0	6	41	41	39	231	3	36	2	24	17	60	25	2	36	82	3	3	3	0	2	5	2	27	2	7	6	3	8	3	53	12	7	198	4	0	5	6	58	53	1	17	24	3	7	23	2	5	2	6	68	10	1	48	5	4	15	51	0	3	1	181	8	16	9	9	176	20	89	1	1	1	3	10	28	3	1	17	2	42	81	1	17	6	2	10	43	3	19	5	0	0	45	78	5	97	83	20	0	2	19	16	0	34	9	2	11	1	14	66	11	24
Gene70	3	4	7	16	39	7	6	19	44	3	9	1	8	41	3	10	7	22	5	15	1	25	11	3	44	10	9	19	5	6	12	5	13	18	17	9	23	8	3	6	17	7	24	24	35	8	3	43	19	13	169	28	19	32	21	6	5	2	10	4	0	15	15	6	13	23	6	7	5	1	13	5	7	9	0	15	63	4	3	11	4	15	21	263	21	0	3	25	25	17	26	0	20	3	14	15	23	32	30	4	15	3	9	8	6	15	34	16	11	8	13	29	13	9
Gene71	393	419	993	594	1471	674	560	770	439	495	1156	401	1098	767	1635	890	489	1195	730	1848	1187	1170	569	599	590	1050	802	1595	1712	932	999	544	1242	1111	5034	682	889	351	2500	964	1426	2196	1173	1419	505	501	796	681	599	672	1009	906	1196	784	945	726	2080	904	565	629	1406	1947	1037	666	468	696	550	431	2040	609	802	1084	890	461	588	400	1418	758	747	600	1054	638	744	824	1922	500	789	1614	613	1378	596	758	550	539	1111	1023	525	871	751	723	617	612	384	506	822	1435	1511	1370	449	340	543	570	3581	475
Gene72	618	398	1078	876	2131	849	742	737	635	707	1314	1139	1100	1633	1556	598	830	2119	1347	1601	585	1616	710	1075	988	724	956	1556	1580	1118	764	1050	2591	1870	5923	615	1523	1015	2969	938	2027	2728	3196	2599	835	643	1549	920	1140	636	972	1627	1125	562	2669	801	2501	1329	916	1141	1993	1957	1102	811	998	1341	743	859	1693	842	584	714	775	850	740	829	2086	788	396	1757	1377	1006	1033	1367	1339	1037	1385	2085	1039	1457	856	883	593	1044	1578	1837	886	1590	1734	897	835	669	711	903	965	1413	1871	931	836	897	731	843	2184	860
Gene73	244	153	1193	171	616	381	338	766	1479	173	982	380	1291	415	527	780	202	426	1316	8528	873	752	1156	370	248	134	481	1397	2096	995	319	503	440	484	2930	156	1082	753	887	773	640	2130	1705	1398	176	313	187	797	57	118	153	346	281	640	361	196	660	176	219	309	1011	2022	800	414	199	1390	201	141	1128	144	157	702	1319	334	947	341	597	797	1854	708	207	771	367	472	943	523	294	982	198	770	205	973	365	344	747	353	284	482	542	286	291	1582	301	343	771	632	1449	880	237	235	192	387	7969	392
Gene74	2732	2434	5363	3311	12305	2751	2712	5548	6084	3692	4205	2601	4883	7052	3243	3188	3038	9370	3469	6036	1535	6726	3746	3764	4309	1874	4129	4684	7933	3368	1781	3928	10034	9985	9531	2714	6866	1804	5497	4466	5632	11646	6689	10530	3184	2895	4239	8128	4118	1488	5291	6927	3246	2347	4623	2328	13725	5258	4043	3449	10786	7389	6268	4384	3942	3185	4622	2935	6545	3931	1776	4783	5260	4285	5111	2760	5345	2206	3429	6835	7072	3731	3754	6066	2110	4053	5514	8691	3840	4918	3600	3517	2607	3241	6549	9201	4084	7443	7583	4112	7051	4388	3197	4001	6085	9648	4730	2924	3341	3153	3153	3876	10129	3699
Gene75	1498	2122	7016	2604	6949	1750	2148	2980	2095	2099	4150	1409	3438	3798	1369	3608	2205	5376	2792	4545	2276	3863	3851	1089	6495	3180	768	3055	5667	789	2756	2363	6017	3953	23383	2241	4101	996	4592	2293	5368	6534	2966	5349	1456	1697	2381	2342	2662	2365	4278	3275	4829	1535	11956	2736	4040	2419	2083	2622	4646	6013	3785	2491	2366	3092	2034	2808	5662	2290	2132	1972	1516	1523	2350	1752	4802	2019	877	1831	1609	3403	3914	2070	4607	1707	2758	3744	3385	3946	3252	4586	551	2000	5357	5457	2383	4122	3544	3356	1200	1437	1828	2212	2767	4059	2748	4344	2200	1488	2743	2530	7218	2169
Gene76	6030	4031	14826	7605	16794	12083	6912	10046	6993	6857	7904	4803	16499	8682	21621	8190	8361	13190	7272	12910	16922	14472	7256	5770	9561	14800	13299	12687	12741	7740	13521	7416	14318	19709	59237	12045	10698	3608	22317	7809	21537	33323	17474	11773	5444	6798	12445	8600	10173	12819	11551	11599	18206	9778	10927	11012	24647	14757	8421	7610	18965	20563	11506	7270	6300	9255	7907	5535	24495	6376	12575	11681	6367	6639	7412	5295	19614	7194	8504	6450	14136	8600	7324	12891	24745	6622	14113	25682	7294	12317	8551	11779	13256	7829	11399	10541	4672	8844	12532	9431	15243	5705	4610	5251	11581	19256	13199	27587	4914	4087	5669	7357	20822	6514
Gene77	481	252	1409	513	1258	595	367	620	217	277	823	189	967	590	1123	488	432	1085	580	2463	1275	1130	1162	536	848	930	340	800	2094	406	872	570	742	878	5044	656	1314	261	1217	941	1036	2667	164	813	351	499	509	523	862	991	1106	764	1279	585	1088	546	1148	469	305	308	1420	2918	597	390	421	303	551	369	1565	375	650	938	420	344	732	293	1747	477	783	292	500	516	641	634	2707	648	938	848	336	2304	406	345	110	554	885	834	565	602	590	679	97	388	294	358	779	1147	1936	1744	334	304	610	583	3185	230
Gene78	0	0	0	3	3	0	0	0	53	2	10	1	9	0	0	21	0	3	5	1	141	1	4	1	0	5	0	73	2	4	0	0	1	1	6	0	0	9	2	0	2	1	0	0	1	0	4	0	0	3	3	3	4	0	143	1	1	13	0	0	661	0	0	0	0	169	0	0	1	1	0	1	0	1	5	0	24	24	0	0	21	0	0	0	2	0	3	14	5	4	1	50	0	0	5	2	0	0	1	9	0	4	0	4	7	1	38	0	0	0	0	1	5	0
Gene79	486	311	1247	643	1341	904	605	660	2063	566	803	853	1006	1095	2536	544	644	1283	669	2594	2040	1222	931	582	1142	1003	777	974	1408	2268	1081	585	1535	1521	3722	783	1285	842	2698	1469	1794	1977	1464	1685	465	586	1211	857	753	723	1199	909	1382	909	855	728	1866	931	573	600	2257	2434	1093	620	436	723	717	447	2149	505	731	961	995	559	1144	444	1881	950	780	1096	911	625	569	1213	1896	737	1124	1632	604	1353	490	616	1154	851	1282	1056	560	903	1130	975	1129	1306	471	583	1260	1127	2548	1379	548	476	492	717	4886	544
Gene80	385	392	1312	444	1497	657	507	887	750	395	1593	494	752	784	1034	322	520	1294	1107	1390	296	1109	635	869	930	423	1333	1161	1075	414	319	655	1320	1180	2907	318	1219	667	1595	571	757	2225	2134	1434	924	473	934	1060	1010	371	812	965	447	304	1411	471	1571	1094	607	555	2057	2011	894	551	618	1334	572	609	738	648	423	1011	900	503	586	454	1135	654	371	1149	1321	725	628	1007	619	715	658	2194	639	878	681	712	278	472	1051	1228	686	1030	626	598	717	592	522	464	547	1135	1209	571	566	485	489	596	2060	561
Gene81	38	12	49	179	167	808	8	20	31	3	11	36	71	130	6	18	33	205	12	11	20	21	42	38	33	80	43	30	23	23	85	81	394	321	45	9	103	10	288	13	18	31	71	49	11	11	21	112	36	129	66	273	85	155	14	935	147	5	14	13	780	59	103	7	139	24	44	41	104	324	32	24	5	7	76	35	209	46	14	209	11	24	83	50	69	389	127	30	55	75	116	14	4	135	49	91	30	54	117	6	11	12	21	15	171	165	4	197	26	8	12	35	88	10
Gene82	166	366	335	198	934	468	311	545	104	367	1156	74	512	676	120	609	246	564	152	949	212	608	189	437	103	191	70	275	199	67	345	373	1336	1276	217	232	214	84	387	119	343	576	117	809	434	249	369	737	260	139	254	873	199	137	251	748	450	226	456	339	657	1451	340	542	459	132	338	426	191	558	64	489	184	334	145	338	470	589	117	560	93	656	529	194	160	200	254	179	611	203	738	192	17	168	709	1209	496	674	564	100	71	479	318	279	227	394	276	131	430	275	453	221	564	400
Gene83	485	427	1741	496	1887	705	638	939	882	435	1921	589	1412	809	2158	973	533	1152	903	2635	1398	1009	1219	590	618	396	833	2461	1599	923	540	708	1394	1479	3921	349	3729	807	2261	866	1121	2313	2165	1701	1073	493	1973	2224	1071	366	1948	1142	542	691	1231	565	2098	1817	705	627	3660	1564	1528	876	668	1063	661	689	1132	616	434	827	1558	649	1021	401	1139	733	999	1581	3159	874	658	1473	829	884	858	2120	819	1181	623	874	745	514	1279	1291	724	1300	1080	687	995	1135	550	739	655	1184	3434	1104	544	484	630	752	2874	795
Gene84	511	565	1627	613	1389	863	480	902	478	424	1345	394	1435	859	1379	657	661	1216	466	1838	798	1194	945	721	870	721	806	2089	1719	433	863	721	1337	1033	3269	492	1536	468	2371	1109	1093	2183	1859	1886	1040	609	1903	1195	1119	692	1123	889	889	700	1694	682	1813	1377	722	695	2220	2424	1371	787	585	699	574	619	1263	654	622	1167	893	574	945	467	1405	920	408	1239	1637	842	889	1318	1619	902	942	2236	623	1471	756	1156	727	646	1420	1232	643	1220	686	777	1138	928	485	671	919	1043	3386	1051	520	418	670	616	2645	569
Gene85	379	334	672	633	606	922	395	231	640	495	449	519	1047	614	369	484	692	783	143	146	566	925	299	255	159	488	389	313	152	473	585	570	1145	1586	454	376	306	230	2571	188	832	3396	1695	484	980	765	416	511	345	507	409	908	580	393	776	836	1383	49	515	668	1328	250	1838	386	394	1184	370	399	784	458	785	59	1004	374	220	477	334	43	190	1003	111	431	403	2192	667	287	878	1388	767	1258	866	460	459	618	1063	889	327	673	773	569	520	58	501	320	407	899	152	1045	372	271	564	494	391	315
Gene86	58	29	159	42	257	127	38	105	95	51	245	71	140	110	220	81	44	148	97	431	292	130	212	127	67	93	63	258	208	148	112	67	204	180	600	87	146	58	511	259	130	200	95	350	176	69	985	334	129	64	119	91	77	49	186	77	156	257	99	74	326	243	269	120	53	407	49	44	137	58	88	144	181	50	122	65	165	200	50	271	498	112	99	107	280	144	113	246	75	262	111	75	159	51	160	114	76	175	109	101	52	82	80	82	148	126	301	196	60	86	74	60	528	125
Gene87	788	680	1607	1118	2658	1539	975	1353	2093	1046	2220	825	2031	1745	1412	1101	1122	2139	1289	2201	2029	2194	1207	899	1419	1906	1161	942	2847	1656	1860	1160	2634	2422	4314	1530	1304	662	5404	1558	2437	4684	2775	2400	1226	989	1427	1812	1624	1370	1214	2017	2340	1570	3444	1517	4119	2487	1127	1051	2389	2788	813	1133	917	1849	1185	986	2622	1114	1382	2257	1174	1033	1479	829	3451	1596	1139	1178	1982	1212	1310	2023	3067	1278	1750	2647	1017	3509	922	1715	1281	1098	1849	2022	957	1372	1428	1217	1656	1279	890	1075	1464	2703	2460	2335	997	792	978	1188	6383	864
Gene88	616	421	611	668	2384	902	622	1047	1034	574	1262	567	1164	1358	842	757	642	1841	782	2378	575	1964	1231	1137	1224	400	1052	1070	1919	1711	562	1275	1910	2301	4676	470	1573	505	1354	774	1421	3485	934	3868	1428	655	1153	1665	1112	410	816	1359	864	751	651	572	3188	1928	845	778	2630	1775	1265	893	778	1268	713	707	1488	701	533	653	2132	1036	1140	970	1827	595	1724	1970	1604	842	1217	866	1061	1634	1451	1299	702	2633	575	701	603	1161	1623	1558	1002	1818	1468	1124	1191	1071	1197	1090	1577	1641	850	1338	1208	1115	647	906	5398	1209
Gene89	603	473	1140	870	2583	1113	933	1724	618	627	1298	335	1327	1400	690	561	835	1582	739	1492	552	1686	1227	479	1576	547	578	996	2099	960	561	815	2358	1748	2512	637	1189	342	1749	1074	2119	3845	845	2388	451	689	477	794	947	436	1046	1795	1274	603	1238	769	1290	754	956	1060	1145	1970	568	1005	765	496	771	836	3752	944	569	1242	2194	594	1024	668	1236	975	1810	704	372	1086	1259	1183	1439	877	1286	1515	1175	2216	992	673	282	1154	1628	1862	765	1297	1537	1884	433	867	683	808	532	2571	770	953	1145	697	908	1163	3063	1187
Gene90	126	174	385	546	1004	388	392	338	393	269	485	87	674	853	182	702	280	1280	183	436	584	763	331	384	192	712	103	541	496	929	570	301	1082	870	916	526	365	246	465	415	860	1455	125	720	172	238	176	434	177	381	971	784	861	464	485	650	968	426	277	283	36	1126	202	249	318	199	344	336	585	365	245	618	621	330	323	234	3275	561	58	601	335	340	424	297	2269	356	546	196	533	1589	362	146	56	367	554	685	259	700	1079	321	344	359	191	299	353	598	311	742	290	217	289	386	1374	331
Gene91	398	431	601	542	1574	558	901	934	328	370	371	685	1411	1116	746	269	402	1616	313	469	315	1003	758	661	970	922	343	136	444	177	643	457	1356	907	193	749	1453	325	2766	285	1131	1367	266	2164	277	471	255	656	1062	848	1343	684	843	1627	277	516	2000	993	680	459	357	2787	1438	539	605	208	748	579	1170	659	428	263	140	342	870	328	914	98	71	698	618	726	759	2923	2386	579	553	498	685	977	933	142	1271	276	1262	1407	570	1282	685	506	283	152	652	552	703	939	541	753	597	384	802	622	756	833
Gene92	675	552	1028	769	1933	851	610	1124	739	690	1178	561	1600	1517	890	554	897	1867	711	1609	899	2050	1067	1106	734	1270	1066	1068	1392	1069	1261	1044	1852	1558	3339	741	2039	335	2571	1093	1712	2972	751	2744	632	813	1061	1228	1137	1045	1097	1551	1530	680	817	916	2197	997	792	772	2683	2463	1527	906	801	555	778	620	2343	750	795	990	753	745	968	594	2023	744	624	1249	1106	851	1410	706	2840	1143	1381	1640	868	1761	875	725	824	1082	1923	1625	1135	1716	1024	1511	546	669	970	932	1718	1598	925	3050	934	684	1071	857	4133	870
Gene93	2994	2389	5327	3471	10522	4028	3606	5691	3449	2812	8771	2504	6653	5915	2191	2663	3531	9024	5133	4180	1041	6463	2901	4215	3990	1613	3028	9078	7308	3232	2059	4186	9914	8160	6407	1663	10239	2109	5943	4907	4636	10343	10117	10766	5543	2877	4172	6345	5008	1323	5976	6708	2056	2698	6127	3102	7987	3073	3959	5821	5701	7395	5726	4610	5388	2881	3417	4446	4420	4081	1406	3323	5387	3496	4323	3228	4049	2101	2666	6699	4929	6974	5173	4956	1893	4229	5106	7363	5372	6517	5125	4025	1606	2913	6384	9251	4614	7967	5900	3075	3861	2792	3533	3718	4454	6461	8992	3292	3946	3322	3552	3641	7983	3839
Gene94	405	218	169	265	1402	695	401	610	230	252	314	144	341	821	233	162	572	1437	58	199	292	1522	494	493	303	163	446	142	500	374	460	654	1176	680	1984	112	1025	49	398	208	706	972	755	3341	509	422	1049	1219	449	159	237	765	186	238	495	224	959	485	795	529	2925	799	1313	774	618	44	358	542	752	421	192	72	189	844	598	783	486	84	202	2734	629	1073	889	910	495	1725	576	255	450	1037	522	104	152	494	874	1405	881	1734	682	485	283	215	662	912	1319	559	392	1273	914	870	503	728	1723	999
Gene95	22	10	36	19	96	7	11	50	5	25	176	9	23	66	6	8	23	58	9	28	12	18	40	20	215	22	5	11	62	5	12	30	41	37	650	19	29	1	23	13	129	208	7	19	10	13	215	23	20	10	18	44	43	44	160	9	23	6	8	18	5	42	15	64	17	6	9	16	74	20	133	12	5	4	10	24	47	15	8	22	45	52	39	6	42	16	30	17	6	14	19	15	4	35	45	24	12	84	47	47	1	4	12	22	17	88	14	40	14	10	12	8	80	13
Gene96	19	10	6	8	27	15	35	10	56	8	20	2	59	15	43	8	39	31	3	60	523	40	34	16	6	11	61	18	37	37	10	30	42	21	8	2	21	44	14	6	30	46	102	57	13	48	9	55	42	13	27	9	5	32	14	16	32	18	40	13	6	294	74	14	17	10	8	8	55	19	18	5	10	13	45	25	13	10	4	15	13	19	57	263	275	6	26	8	15	13	17	10	27	21	82	18	13	25	20	40	8	449	23	19	51	55	21	45	21	10	23	13	45	27
Gene97	417	468	740	361	1099	662	542	601	474	400	1497	530	745	754	1488	520	510	1042	849	910	834	1021	480	527	768	684	713	1011	780	476	651	628	1280	996	2522	421	931	312	1564	622	773	1501	786	1687	423	446	1308	929	799	407	495	591	740	288	549	690	1130	1150	591	658	2468	1010	942	568	460	1019	429	554	905	497	526	457	506	520	342	430	901	698	483	938	1312	664	745	671	1363	633	566	2158	598	674	605	1269	305	386	1132	1206	589	870	716	453	614	437	492	489	539	686	1139	894	506	407	575	492	1338	650
Gene98	207	117	352	358	1215	1080	244	297	547	237	905	126	666	854	274	270	389	1356	669	1060	482	1463	403	422	319	598	205	335	754	349	1783	235	1345	704	1536	324	662	162	983	212	1158	838	76	4725	252	443	926	1119	650	604	617	547	580	446	294	371	1691	828	539	209	1634	981	866	1086	221	247	207	259	1637	615	284	978	211	1117	873	181	1192	204	320	2774	1155	654	402	288	1191	2868	696	275	235	755	263	208	267	326	1254	770	594	2145	392	480	164	313	394	1295	704	321	211	956	345	497	263	374	2581	940
Gene99	374	329	748	437	1001	566	423	305	492	288	739	312	575	735	3662	313	368	1108	456	987	387	1043	618	453	127	516	365	577	512	466	655	472	1187	747	1371	333	1052	213	1715	931	883	1310	522	1598	196	443	304	803	515	523	571	765	722	724	323	399	1076	254	467	487	1493	798	932	490	446	204	324	383	867	486	345	367	778	424	762	343	1630	257	454	1532	417	477	640	382	1302	1013	531	989	481	1186	498	363	357	401	967	879	540	935	620	596	245	1616	347	478	629	587	349	786	403	371	456	467	2202	648
Gene100	11	13	29	42	59	27	5	13	41	10	104	37	42	12	51	33	15	46	26	68	29	14	196	658	41	10	24	19	62	76	9	17	29	20	47	8	351	31	137	58	19	64	188	38	65	11	22	111	39	15	99	46	4	136	39	24	662	60	10	13	9	73	103	8	17	10	17	16	26	15	15	16	26	4	96	28	192	23	41	92	36	22	14	59	35	40	118	83	16	163	11	61	32	44	53	18	20	20	17	25	30	364	8	9	81	43	103	50	7	10	10	9	210	10
